{"cameraMode":{"drawMode":0,"name":"Shaded","section":"Shading Mode"},"sceneLighting":false,"audioPlay":false,"sceneViewState":{"m_AlwaysRefresh":false,"showFog":true,"showSkybox":false,"showFlares":true,"showImageEffects":true,"showParticleSystems":true,"showVisualEffectGraphs":true,"m_FxEnabled":true},"in2DMode":false,"pivot":{"x":0.7679174542427063,"y":0.8188470005989075,"z":-1.2678561210632325},"rotation":{"x":0.0025507183745503427,"y":0.9974578619003296,"z":-0.04972430691123009,"w":0.051215458661317828},"size":1.7419867515563965,"orthographic":false}