{"cameraMode":{"drawMode":0,"name":"Shaded","section":"Shading Mode"},"sceneLighting":false,"audioPlay":false,"sceneViewState":{"m_AlwaysRefresh":false,"showFog":true,"showSkybox":false,"showFlares":true,"showImageEffects":true,"showParticleSystems":true,"showVisualEffectGraphs":true,"m_FxEnabled":true},"in2DMode":false,"pivot":{"x":18.920063018798829,"y":1.0891907215118409,"z":17.190000534057618},"rotation":{"x":-0.004859506618231535,"y":-0.9819014072418213,"z":0.18762707710266114,"w":-0.025430899113416673},"size":1.3484203815460206,"orthographic":false}