{"cameraMode":{"drawMode":0,"name":"Shaded","section":"Shading Mode"},"sceneLighting":false,"audioPlay":false,"sceneViewState":{"m_AlwaysRefresh":false,"showFog":true,"showSkybox":false,"showFlares":true,"showImageEffects":true,"showParticleSystems":true,"showVisualEffectGraphs":true,"m_FxEnabled":true},"in2DMode":false,"pivot":{"x":-0.4245463013648987,"y":-0.04270963743329048,"z":-0.0003713795158546418},"rotation":{"x":-0.13076013326644898,"y":0.8096938133239746,"z":-0.19712553918361665,"w":-0.5371063947677612},"size":0.7202842831611633,"orthographic":false}