{"cameraMode":{"drawMode":0,"name":"Shaded","section":"Shading Mode"},"sceneLighting":false,"audioPlay":false,"sceneViewState":{"m_AlwaysRefresh":false,"showFog":true,"showSkybox":false,"showFlares":true,"showImageEffects":true,"showParticleSystems":true,"showVisualEffectGraphs":true,"m_FxEnabled":true},"in2DMode":false,"pivot":{"x":13.260000228881836,"y":0.8518052697181702,"z":21.834266662597658},"rotation":{"x":-0.004859506618231535,"y":-0.9819014072418213,"z":0.18762707710266114,"w":-0.025430899113416673},"size":0.8660253882408142,"orthographic":false}