{"cameraMode":{"drawMode":0,"name":"Shaded","section":"Shading Mode"},"sceneLighting":false,"audioPlay":false,"sceneViewState":{"m_AlwaysRefresh":false,"showFog":true,"showSkybox":false,"showFlares":true,"showImageEffects":true,"showParticleSystems":true,"showVisualEffectGraphs":true,"m_FxEnabled":true},"in2DMode":false,"pivot":{"x":-0.6786168813705444,"y":1.1627881526947022,"z":-1.1189510822296143},"rotation":{"x":0.02934393286705017,"y":0.961367130279541,"z":0.11318223178386688,"w":-0.2492693066596985},"size":1.4229844808578492,"orthographic":false}