{"cameraMode":{"drawMode":0,"name":"Shaded","section":"Shading Mode"},"sceneLighting":false,"audioPlay":false,"sceneViewState":{"m_AlwaysRefresh":false,"showFog":true,"showSkybox":false,"showFlares":true,"showImageEffects":true,"showParticleSystems":true,"showVisualEffectGraphs":true,"m_FxEnabled":true},"in2DMode":false,"pivot":{"x":-0.4296509027481079,"y":1.0846257209777833,"z":-0.646018922328949},"rotation":{"x":0.0059517319314181808,"y":0.9199162125587463,"z":0.013975386507809163,"w":-0.3918646275997162},"size":1.4098953008651734,"orthographic":false}