{"cameraMode":{"drawMode":0,"name":"Shaded","section":"Shading Mode"},"sceneLighting":false,"audioPlay":false,"sceneViewState":{"m_AlwaysRefresh":false,"showFog":true,"showSkybox":false,"showFlares":true,"showImageEffects":true,"showParticleSystems":true,"showVisualEffectGraphs":true,"m_FxEnabled":true},"in2DMode":false,"pivot":{"x":1.7881393432617188e-7,"y":0.8457481861114502,"z":-0.03260442614555359},"rotation":{"x":-0.07333266735076904,"y":0.9213802814483643,"z":-0.21360734105110169,"w":-0.3163153827190399},"size":1.3777496814727784,"orthographic":false}