{"cameraMode":{"drawMode":0,"name":"Shaded","section":"Shading Mode"},"sceneLighting":false,"audioPlay":false,"sceneViewState":{"m_AlwaysRefresh":false,"showFog":true,"showSkybox":false,"showFlares":true,"showImageEffects":true,"showParticleSystems":true,"showVisualEffectGraphs":true,"m_FxEnabled":true},"in2DMode":false,"pivot":{"x":0.0000622868537902832,"y":0.6809248924255371,"z":0.08757328987121582},"rotation":{"x":-0.11789102852344513,"y":0.8772275447845459,"z":-0.2759881615638733,"w":-0.37471675872802737},"size":1.1538268327713013,"orthographic":false}