{"cameraMode":{"drawMode":0,"name":"Shaded","section":"Shading Mode"},"sceneLighting":true,"audioPlay":false,"sceneViewState":{"m_AlwaysRefresh":false,"showFog":true,"showSkybox":true,"showFlares":true,"showImageEffects":true,"showParticleSystems":true,"showVisualEffectGraphs":true,"m_FxEnabled":true},"in2DMode":false,"pivot":{"x":11.574667930603028,"y":-0.2418302595615387,"z":7.100962162017822},"rotation":{"x":-0.016105497255921365,"y":0.9821195602416992,"z":-0.09934375435113907,"w":-0.15919865667819978},"size":7.071863651275635,"orthographic":false}