{"cameraMode":{"drawMode":0,"name":"Shaded","section":"Shading Mode"},"sceneLighting":true,"audioPlay":false,"sceneViewState":{"m_AlwaysRefresh":false,"showFog":true,"showSkybox":true,"showFlares":true,"showImageEffects":true,"showParticleSystems":true,"showVisualEffectGraphs":true,"m_FxEnabled":true},"in2DMode":false,"pivot":{"x":25.36911392211914,"y":1.3552579879760743,"z":14.659791946411133},"rotation":{"x":-0.0005227517103776336,"y":-0.9994072318077087,"z":0.01699143834412098,"w":-0.030593717470765115},"size":1.682831883430481,"orthographic":false}