{"cameraMode":{"drawMode":0,"name":"Shaded","section":"Shading Mode"},"sceneLighting":true,"audioPlay":false,"sceneViewState":{"m_AlwaysRefresh":false,"showFog":true,"showSkybox":true,"showFlares":true,"showImageEffects":true,"showParticleSystems":true,"showVisualEffectGraphs":true,"m_FxEnabled":true},"in2DMode":false,"pivot":{"x":-6.089612007141113,"y":1.9625636339187623,"z":2.252359390258789},"rotation":{"x":0.07439302653074265,"y":-0.8699553608894348,"z":0.13843844830989839,"w":0.4675004184246063},"size":1.1665881872177125,"orthographic":false}