{"cameraMode":{"drawMode":0,"name":"Shaded","section":"Shading Mode"},"sceneLighting":true,"audioPlay":false,"sceneViewState":{"m_AlwaysRefresh":false,"showFog":true,"showSkybox":true,"showFlares":true,"showImageEffects":true,"showParticleSystems":true,"showVisualEffectGraphs":true,"m_FxEnabled":true},"in2DMode":false,"pivot":{"x":13.711233139038086,"y":1.9050319194793702,"z":20.04419708251953},"rotation":{"x":0.03473440557718277,"y":-0.9612321257591248,"z":0.14312319457530976,"w":0.23330099880695344},"size":1.5789070129394532,"orthographic":false}